Choose gala,2020-04-30T15:41:59.929039300
Add show to current gala,2020-04-30T15:42:03.679680
View shows of current gala,2020-04-30T15:42:24.092950400
Choose show from current gala,2020-04-30T15:42:30.091139700
View seats,2020-04-30T15:42:34.409082400
Buy seats,2020-04-30T15:42:49.897238900
View seats,2020-04-30T15:42:50.922453700
Exit,2020-04-30T15:42:56.456345800
See galas,2020-04-30T15:43:24.211339200
Choose gala,2020-04-30T15:43:28.342008400
View shows of current gala,2020-04-30T15:43:31.151465300
Exit,2020-04-30T15:43:33.890879100
